Designator,Mid X,Mid Y,Rotation,Layer
C1,158.3,-105.4,0.0,top
C10,159.08,-94.25,90.0,top
C11,165.960001,-94.47,0.0,top
C12,165.950001,-96.51,0.0,top
C13,164.78,-92.92,0.0,top
C14,162.76,-93.25,180.0,top
C16,154.57,-98.15,180.0,top
C17,153.749999,-92.4,180.0,top
C18,154.0,-94.02,180.0,top
C19,172.589376,-122.010624,315.0,top
C2,167.17,-123.31,0.0,top
C20,173.289376,-121.310624,315.0,top
C21,171.774767,-122.803518,315.0,top
C22,171.039376,-123.510624,315.0,top
C23,169.38,-106.76,45.0,top
C24,169.16,-110.53,45.0,top
C25,170.3,-111.55,45.0,top
C26,176.27,-106.390001,0.0,top
C27,176.27,-107.440001,0.0,top
C28,169.0,-109.3,45.0,top
C3,151.8,-105.75,270.0,top
C5,158.875,-103.1,0.0,top
C6,153.9,-101.5,90.0,top
C9,157.840001,-96.61,180.0,top
D1,149.449999,-125.39,180.0,top
D2,146.599999,-109.6,180.0,top
D3,183.2,-117.8,0.0,top
H1,143.0,-127.0,0.0,top
H2,143.0,-93.0,0.0,top
H3,187.0,-93.0,0.0,top
H4,187.0,-127.0,0.0,top
J1,143.45,-118.0,270.0,top
J2,142.995,-101.845,270.0,top
J3,187.0,-110.0,90.0,top
J4,165.93,-127.57,90.0,top
LED1,179.8375,-126.8,0.0,top
LED2,175.8,-126.85,0.0,top
LED3,171.3,-127.1,0.0,top
Q2,182.2625,-99.75,180.0,top
Q3,186.3,-100.7,180.0,top
Q6,159.2025,-123.98,180.0,top
Q7,155.0775,-123.08,180.0,top
R1,154.499999,-119.69,0.0,top
R2,154.51,-120.72,0.0,top
R27,160.180001,-99.769999,90.0,top
R28,161.230001,-99.800001,270.0,top
R29,162.240001,-99.280002,90.0,top
R3,150.19,-100.17,180.0,top
R30,163.280001,-99.31,270.0,top
R31,161.31,-92.79,90.0,top
R32,154.95,-101.5,90.0,top
R33,156.0,-101.5,90.0,top
R34,164.67,-98.55,90.0,top
R35,174.05,-119.95,45.0,top
R36,184.5,-103.6,0.0,top
R37,184.35,-98.05,270.0,top
R38,166.8,-99.780002,270.0,top
R39,168.9,-99.790001,90.0,top
R4,150.25,-99.01,180.0,top
R40,167.85,-99.790001,270.0,top
R43,171.01,-104.26,225.0,top
R44,170.34,-103.48,45.0,top
R45,159.29,-121.63,0.0,top
R46,157.14,-121.78,0.0,top
R47,166.55,-104.9,225.0,top
R48,176.65,-112.040001,90.0,top
R49,174.702498,-101.332501,90.0,top
R5,178.590001,-105.3,0.0,top
R50,180.59,-128.35,0.0,top
R51,176.590001,-128.45,180.0,top
R52,171.75,-128.5,0.0,top
R6,178.63,-104.22,0.0,top
R76,154.25,-125.35,180.0,top
R79,161.32,-125.22,0.0,top
TP1,152.15,-115.9,0.0,top
TP10,160.51,-115.24,0.0,top
TP11,155.2,-114.2,0.0,top
TP12,179.7,-96.55,0.0,top
TP14,171.4,-99.2,0.0,top
TP16,178.27,-114.8,0.0,top
TP2,147.9,-92.65,0.0,top
TP3,149.45,-96.2,0.0,top
TP4,157.65,-91.85,0.0,top
TP5,181.02,-121.65,0.0,top
TP7,171.6,-93.0,0.0,top
TP8,174.51,-92.62,0.0,top
TP9,163.83,-116.09,0.0,top
U1,170.189376,-119.310624,315.0,top
U10,180.065,-108.75,90.0,top
U11,149.285,-102.5,270.0,top
U14,154.4,-104.2,0.0,top
U15,157.6,-127.54,270.0,top
U2,164.6,-108.990001,225.0,top
U3,165.65,-124.785,180.0,top
U4,161.900001,-96.049999,90.0,top
U5,175.95,-109.5,0.0,top
U6,177.402499,-101.720001,180.0,top
U8,154.2,-96.1125,270.0,top
U9,150.815,-119.25,270.0,top
Y1,173.683223,-115.961142,315.0,top
