Designator,Footprint,Quantity,Value,LCSC Part #
"C1, C23, C25, C3",0805,4,4.7uF 25V,C1779
"C10, C13, C20, C22, C24, C26, C27, C28, C6",0402,9,100nF,C1525
"C11, C12, C9",0805,3,10uF 25V,C15850
C14,0402,1,1nF,C1523
C16,0402,1,1uF 0402 25V,C52923
C17,0805,1,10uF 0805 25V,C15850
C18,0402,1,100nF 0402,C1525
"C19, C21",0402,2,1uF 25V,C52923
C2,0402,1,100pF,C1546
C5,1206,1,47uF 10V,C96123
"D1, D2, D3",D_SMA,3,SMAJ6.5A,C123817
"H1, H2, H3, H4",MountingHole_2.2mm_M2,4,MountingHole,
"J1, J3",USB_C_Receptacle_HRO_TYPE-C-31-M-12,2,TYPE-C-31-M-12,C165948
J2,USB_C_Receptacle_HRO_TYPE-C-31-M-17,1,TYPE-C-31-M-17,C283540
J4,PinHeader_1x02_P2.54mm_Vertical,1,Conn_01x02_Socket,
LED1,0805,1,Green,C2297
LED2,0805,1,Yellow,C2296
LED3,0603,1,Red,C2286
"Q2, Q3, Q6, Q7",SOT-23,4,"BSS138P,215",C75547
"R1, R2",0402,2,5.1k,C25905
"R27, R47, R50, R51, R52",0402,5,1k,C11702
"R28, R33, R34, R35",0402,4,10k,C25744
R29,0402,1,49.9k,C25897
"R3, R4",0402,2,5.1k 0402,C25905
R30,0402,1,12k,C25752
R31,0402,1,931R 0.1%,C852955
R32,0402,1,24k,C25769
R36,0805,1,470R 0805,C17710
R37,0402,1,100k 0402,C25741
"R38, R79",0402,2,10k 0402,C25744
R39,0402,1,18k 0402,C25762
R40,0402,1,1k 0402,C11702
R43,0402,1,22k,C25768
R44,0402,1,47k,C25792
"R45, R46, R48, R49",0402,4,100k,C25741
"R5, R6",0402,2,4.7k,C25900
R76,0402,1,330R 0402,C25104
TP1,TestPoint_Pad_D1.5mm,1,VBUS_UP,
TP10,TestPoint_Pad_D1.5mm,1,HIL_VBUS_EN,
TP11,TestPoint_Pad_D1.5mm,1,HIL_DATA_EN_N,
TP12,TestPoint_Pad_D1.5mm,1,HIL_CC_EN_N,
TP14,TestPoint_Pad_D1.5mm,1,VBUS_HIL_SNS,
TP16,TestPoint_Pad_D1.5mm,1,EXT_02,
TP2,TestPoint_Pad_D1.5mm,1,VBUS_PWR,
TP3,TestPoint_Pad_D1.5mm,1,VSYS,
TP4,TestPoint_Pad_D1.5mm,1,+3V3,
TP5,TestPoint_Pad_D2.0mm,1,VBUS_HIL,
TP7,TestPoint_Pad_D1.5mm,1,U4_ILM,
TP8,TestPoint_Pad_D1.5mm,1,EN_HIL,
TP9,TestPoint_Pad_D1.5mm,1,EXT_I01,
U1,QFN-24-1EP_4x4mm_P0.5mm_EP2.7x2.7mm,1,CH334F,C5187527
"U10, U3, U9",USON-10_2.5x1.0mm_P0.5mm,3,TPD4E05U06DQA,C138714
U11,USON-10_2.5x1.0mm_P0.5mm,1,TPD4E05U06DQAR,C138714
U14,Texas_VQFN-HR-12_2x2.5mm_P0.5mm,1,TPS2121RUXR,C485916
U15,SOP-4_4.4x2.6mm_P1.27mm,1,LTV-217,C115450
U2,QFN-28-1EP_5x5mm_P0.5mm_EP3.25x3.25mm,1,CP2102N-A02-GQFN28,C964632
U4,TPS259470LRPWR,1,TPS259470LRPWR,C3662793
U5,Texas_UQFN-10_1.5x2mm_P0.5mm,1,TS3USB221A,C128396
U6,SOT-23-5,1,SN74LVC1G125DBVR,C23654
U8,WSON-6-1EP_2x2mm_P0.65mm_EP1x1.6mm_ThermalVias,1,TLV76733DRVR,C2848334
Y1,Crystal_SMD_3225-4Pin_3.2x2.5mm,1,Crystal 12MHz,C9002
